,name,popularity,rating,adjustedrating,ingredientsHashed,ingredients(hashed)
0,A Furlong Too Late,4720,3.673941998634088,3,"afdffda4e46a14d07503e44bca0f2b48 c238326dc0b45e4e186cb548b9ece5ec 56331d69d4a076151bd529ed6404f8d2 
",abc
1,A Night In Old Mandalay,3430,3.5352941200427703,3,"afdffda4e46a14d07503e44bca0f2b48 989d4e11b4ba2808a2bcdf97271c9a6f d6dd8769c2796fa05a8e240859bc511d c3e200cab562ee5bfa3c3ade2a3f5d8c 7d73dc0b6f7aeb20d99293fbdc5d6a6f 56331d69d4a076151bd529ed6404f8d2 
",abc
2,A. J.,12400000,7.093421685162235,9,"2d842e610a97352e25f1b20f549755eb 1b895b1423260c61b49d8868ac3077cc 
",abc
3,Abbey Cocktail,11800,4.071882007306125,4,"d7ad223a94b1cdb31734ad5fb25df4bd d65338d93defdf77c2bc409247425932 909cea0c97058cfe2e3ea8d675cb08e1 7b75d91d2856e9e74fe7cfbb857dcf2f 
",abc
4,Abilene,569000,5.755112266395071,7,"dc3848f85d5402c995be2314782511b0 9668fd1f20b8d5f5b540f4c9f5fd18f2 d6dd8769c2796fa05a8e240859bc511d 
",abc
5,Acapulco,1110000,6.045322978786658,7,"afdffda4e46a14d07503e44bca0f2b48 cbbf6d5cab373efb5f95205d1b85b1ed 58e12a94a9477dc279adaafff8604d1c f0dc7a91ef793fd0a59d9568168dec4d 0950210a45488b218b5ec9387827b69c ca8a196f97a48b2bb489f3e849a68418 
",abc
6,Adam,28200000,7.450249108319361,10,"dc3848f85d5402c995be2314782511b0 c3e200cab562ee5bfa3c3ade2a3f5d8c 3c497e915478d3ef451265d0a0b72a0b 
",abc
7,Adonis Cocktail,4400,3.6434526764861874,3,"74751ead02cd317f21763850048f9ca5 aacdcaab42f85782dbafce7a5d26b4b1 d65338d93defdf77c2bc409247425932 
",abc
8,Affair,10200000,7.008600171761918,9,"b826caf7ad2b07bd8b219760897b476f d6dd8769c2796fa05a8e240859bc511d c38cf33202b2c51ebc7699c589e08905 481c5a13509d5511286d01b9fc999e25 
",abc
9,Affinity,620000,5.7923916894982534,7,"6f6933a566a195007a6f1b5784dc3e5b 74751ead02cd317f21763850048f9ca5 992830de8ba8b14e8f55ad8fa0d01e53 d65338d93defdf77c2bc409247425932 
",abc
10,After Dinner Cocktail,72800,4.862131379313038,5,"d69d5873205810e716bf15acfa81a8b4 cbbf6d5cab373efb5f95205d1b85b1ed fc1cebf02dc2ee68655f3e7bf1b84230 fc1cebf02dc2ee68655f3e7bf1b84230 
",abc
11,After Supper Cocktail,5500,3.7403626894942437,3,"cbbf6d5cab373efb5f95205d1b85b1ed d69d5873205810e716bf15acfa81a8b4 c3e200cab562ee5bfa3c3ade2a3f5d8c 
",abc
12,Alabama Slammer,161000,5.20682587603185,6,"7e823dda4878f33df238e1080da87a0b bf19a4b5a2a24fe84d8f7052f75db565 65a2beb8c3fc4d253b1b83c04f8a6f78 c3e200cab562ee5bfa3c3ade2a3f5d8c 
",abc
13,Alaska Cocktail,9050,3.9566485792052033,4,"d65338d93defdf77c2bc409247425932 d7ad223a94b1cdb31734ad5fb25df4bd 20f4f374c86e6b5ffdea81a9e6dc96de 56331d69d4a076151bd529ed6404f8d2 
",abc
14,Alexander,30400000,7.482873583608754,10,"d7ad223a94b1cdb31734ad5fb25df4bd c1ecb10adbf7e5165a24144da26865df 5e089e4017e8f0c4c07bce7354c8ba43 5b5ea2ebaf974c74d74cb80576c5aabb 
",abc
15,Brandy Alexander,195000,5.290034611362518,6,"4c532b4eaea99aa1f9c4f0b1898d6fc5 c1ecb10adbf7e5165a24144da26865df 5e089e4017e8f0c4c07bce7354c8ba43 5b5ea2ebaf974c74d74cb80576c5aabb 
",abc
16,Alfie Cocktail,2250,3.3521825181113627,2,"5b9b6e67299d22c9d555110c752f7f6c cbbf6d5cab373efb5f95205d1b85b1ed 2f2c7d452dc57db7c574ae0229ab3df3 
",abc
17,Algonquin,987000,5.994317152669637,7,"5cbb3871ab023a2971fb397ba92d9672 992830de8ba8b14e8f55ad8fa0d01e53 2f2c7d452dc57db7c574ae0229ab3df3 
",abc
18,Allegheny,233000,5.367355921026019,6,"992830de8ba8b14e8f55ad8fa0d01e53 5b014b2f353c899a48edbb22cf78b17f 6e14ce26ee75d9dff71e46a386c52c97 c3e200cab562ee5bfa3c3ade2a3f5d8c 56331d69d4a076151bd529ed6404f8d2 
",abc
19,Allies Cocktail,3450,3.537819095073274,3,"992830de8ba8b14e8f55ad8fa0d01e53 d7ad223a94b1cdb31734ad5fb25df4bd 82d11c5565ff3bb1e0fe49b09203299f 
",abc
20,Almeria,694000,5.841359470454855,7,"dc3848f85d5402c995be2314782511b0 c0bae48e76229e908077947a58f97c92 0950210a45488b218b5ec9387827b69c 
",abc
21,Almond Joy,437000,5.640481436970422,7,"bf19a4b5a2a24fe84d8f7052f75db565 c1ecb10adbf7e5165a24144da26865df 5e089e4017e8f0c4c07bce7354c8ba43 
",abc
22,Amaretto And Cream,52700,4.721810615212546,5,"bf19a4b5a2a24fe84d8f7052f75db565 5e089e4017e8f0c4c07bce7354c8ba43 
",abc
23,Amaretto Mist,2270,3.3560258571931225,2,"bf19a4b5a2a24fe84d8f7052f75db565 fc1cebf02dc2ee68655f3e7bf1b84230 
",abc
24,Amaretto Rose,7240,3.859738566197147,3,"bf19a4b5a2a24fe84d8f7052f75db565 58e12a94a9477dc279adaafff8604d1c 481c5a13509d5511286d01b9fc999e25 
",abc
25,Amaretto Stinger,6550,3.816241299991783,3,"bf19a4b5a2a24fe84d8f7052f75db565 a5efdf4a6beb1afab2bdb7df5e270df9 
",abc
26,Amaretto Tea,7420,3.870403905279027,3,"485c264d44820de10d8cfa64441c143e bf19a4b5a2a24fe84d8f7052f75db565 2f2e4218a9d7d64cdd64141326aff0dc 
",abc
27,Angel Face,104000,5.017033339298781,5,"d69d5873205810e716bf15acfa81a8b4 543d6e99c54b2d4a4017a265bc45b0c6 d7ad223a94b1cdb31734ad5fb25df4bd 
",abc
28,Applecar,39500,4.596597095626461,5,"2d842e610a97352e25f1b20f549755eb cbbf6d5cab373efb5f95205d1b85b1ed c3e200cab562ee5bfa3c3ade2a3f5d8c 
",abc
29,Apricot Lady,14300,4.155336037465061,4,"afdffda4e46a14d07503e44bca0f2b48 d69d5873205810e716bf15acfa81a8b4 cbbf6d5cab373efb5f95205d1b85b1ed c3e200cab562ee5bfa3c3ade2a3f5d8c 0950210a45488b218b5ec9387827b69c 909cea0c97058cfe2e3ea8d675cb08e1 
",abc
30,Archbishop,247000,5.392696953259666,6,"d7ad223a94b1cdb31734ad5fb25df4bd b9eadba3c35f7f89e93c92eb2c8d39b0 a0e800295b271ae5322b749afef9597e fc1cebf02dc2ee68655f3e7bf1b84230 
",abc
31,Arise My Love,9960,3.998259338423699,4,"89b49e95b5604105c04f218f3e560380 3acf19c6e95442c30b368e5701e7207b 
",abc
32,Arthur Tompkins,1960,3.292256071356476,2,"d7ad223a94b1cdb31734ad5fb25df4bd 06503126e65c73d30801475c67dd84da c3e200cab562ee5bfa3c3ade2a3f5d8c 56331d69d4a076151bd529ed6404f8d2 
",abc
33,Artillery,837000,5.92272545799326,7,"74751ead02cd317f21763850048f9ca5 d7ad223a94b1cdb31734ad5fb25df4bd 2326d3967f280ca60e01be59c6da01c3 
",abc
34,Balmoral,719000,5.8567288903828825,7,"6f6933a566a195007a6f1b5784dc3e5b 74751ead02cd317f21763850048f9ca5 992830de8ba8b14e8f55ad8fa0d01e53 2326d3967f280ca60e01be59c6da01c3 
",abc
35,Banana Daiquiri,67900,4.831869774280501,5,"afdffda4e46a14d07503e44bca0f2b48 cbbf6d5cab373efb5f95205d1b85b1ed e6f9c347672daae5a2557ae118f44a1e 58e12a94a9477dc279adaafff8604d1c f0dc7a91ef793fd0a59d9568168dec4d 7b75d91d2856e9e74fe7cfbb857dcf2f 
",abc
36,Bermuda Highball,5790,3.762678563727436,3,"4c532b4eaea99aa1f9c4f0b1898d6fc5 d7ad223a94b1cdb31734ad5fb25df4bd 992830de8ba8b14e8f55ad8fa0d01e53 1ea570efeed4f2920a78fa1811aa6103 56331d69d4a076151bd529ed6404f8d2 
",abc
37,Black Russian,1870000,6.271841606536499,8,"c9a9f9e06e89995f568272dfe6aeb02d 4ca90a18e9f0d1242171c3c66074714b 
",abc
38,Blackthorn,181000,5.2576785748691846,6,"74751ead02cd317f21763850048f9ca5 65a2beb8c3fc4d253b1b83c04f8a6f78 56331d69d4a076151bd529ed6404f8d2 
",abc
39,Bloody Maria,395000,5.596597095626461,7,"2505f2b3f5d789478b6edf49af6a07f7 3eadbad03169136f242eb85528547b3a c3e200cab562ee5bfa3c3ade2a3f5d8c 1b33d4f40668ed00280081fb4ed0f783 c4988e66c1f004b7e25eb765e1bc1541 ff71ff25b2b0033b0d9f68830728b4cc 
",abc
40,Bloody Mary,6120000,6.786751422145561,9,"4ca90a18e9f0d1242171c3c66074714b 3eadbad03169136f242eb85528547b3a c3e200cab562ee5bfa3c3ade2a3f5d8c 874b1038148459f70360fe4f7b0b89de 1b33d4f40668ed00280081fb4ed0f783 fc1cebf02dc2ee68655f3e7bf1b84230 
",abc
41,Blue Lagoon,5000000,6.698970004336019,9,"4ca90a18e9f0d1242171c3c66074714b f1a5d44507ece41448b23f1edf556b37 68c2ed4b4a01c980421f0b83a4876ebc 7b75d91d2856e9e74fe7cfbb857dcf2f 
",abc
42,Blue Margarita,165000,5.217483944213907,6,"2505f2b3f5d789478b6edf49af6a07f7 f1a5d44507ece41448b23f1edf556b37 58e12a94a9477dc279adaafff8604d1c af334c7b6ef89b42a94f7932a1ee9ffe 
",abc
43,Blue Mountain,642000,5.807535028068854,7,"989d4e11b4ba2808a2bcdf97271c9a6f 86def8609dacc58c53029e2cea0a5266 4ca90a18e9f0d1242171c3c66074714b d6dd8769c2796fa05a8e240859bc511d c3e200cab562ee5bfa3c3ade2a3f5d8c 
",abc
44,Bluebird,1320000,6.12057393120585,8,"d7ad223a94b1cdb31734ad5fb25df4bd cbbf6d5cab373efb5f95205d1b85b1ed f1a5d44507ece41448b23f1edf556b37 2326d3967f280ca60e01be59c6da01c3 048bbe06830c79d2b1a4bbb8aba10293 56331d69d4a076151bd529ed6404f8d2 
",abc
45,Bobby Burns Cocktail,19400,4.2878017299302265,4,"74751ead02cd317f21763850048f9ca5 6f6933a566a195007a6f1b5784dc3e5b a0e800295b271ae5322b749afef9597e 56331d69d4a076151bd529ed6404f8d2 
",abc
46,Boomerang,1530000,6.184691430817598,8,"d7ad223a94b1cdb31734ad5fb25df4bd 992830de8ba8b14e8f55ad8fa0d01e53 2326d3967f280ca60e01be59c6da01c3 fd7f75775ac686f5e5ad3d77a5460c0a 048bbe06830c79d2b1a4bbb8aba10293 
",abc
47,Boston Sidecar,10700,4.02938377768521,4,"afdffda4e46a14d07503e44bca0f2b48 4c532b4eaea99aa1f9c4f0b1898d6fc5 cbbf6d5cab373efb5f95205d1b85b1ed fc1cebf02dc2ee68655f3e7bf1b84230 
",abc
48,Boston Sour,6260,3.7965743332104296,3,"5cbb3871ab023a2971fb397ba92d9672 ff71ff25b2b0033b0d9f68830728b4cc ac1d732fc1d905ad984d9b04f6a1ad91 0950210a45488b218b5ec9387827b69c ff71ff25b2b0033b0d9f68830728b4cc 7b75d91d2856e9e74fe7cfbb857dcf2f 
",abc
49,Classic Old-Fashioned,175000,5.243038048686294,6,"2326d3967f280ca60e01be59c6da01c3 27634ff8002b12e75d98e07ccd005d18 f0dc7a91ef793fd0a59d9568168dec4d 5b014b2f353c899a48edbb22cf78b17f 909cea0c97058cfe2e3ea8d675cb08e1 048bbe06830c79d2b1a4bbb8aba10293 
",abc
50,Bourbon Sling,2950,3.469822015978163,3,"f0dc7a91ef793fd0a59d9568168dec4d 27634ff8002b12e75d98e07ccd005d18 c3e200cab562ee5bfa3c3ade2a3f5d8c 5b014b2f353c899a48edbb22cf78b17f 56331d69d4a076151bd529ed6404f8d2 
",abc
51,Bourbon Sour,85500,4.931966114728173,5,"5b014b2f353c899a48edbb22cf78b17f c3e200cab562ee5bfa3c3ade2a3f5d8c f0dc7a91ef793fd0a59d9568168dec4d 909cea0c97058cfe2e3ea8d675cb08e1 048bbe06830c79d2b1a4bbb8aba10293 
",abc
52,Boxcar,167000,5.222716471147583,6,"d7ad223a94b1cdb31734ad5fb25df4bd cbbf6d5cab373efb5f95205d1b85b1ed c3e200cab562ee5bfa3c3ade2a3f5d8c 3c497e915478d3ef451265d0a0b72a0b 0950210a45488b218b5ec9387827b69c 
",abc
53,Brandy Cobbler,9100,3.9590413923210934,4,"f0dc7a91ef793fd0a59d9568168dec4d 481c5a13509d5511286d01b9fc999e25 ff71ff25b2b0033b0d9f68830728b4cc 4c532b4eaea99aa1f9c4f0b1898d6fc5 048bbe06830c79d2b1a4bbb8aba10293 909cea0c97058cfe2e3ea8d675cb08e1 
",abc
54,Brandy Flip,4980,3.6972293427597176,3,"4c532b4eaea99aa1f9c4f0b1898d6fc5 f04ba3c635d301c987d90fc75c71775b f0dc7a91ef793fd0a59d9568168dec4d 5e089e4017e8f0c4c07bce7354c8ba43 5b5ea2ebaf974c74d74cb80576c5aabb 
",abc
55,Brandy Sour,12400,4.093421685162235,4,"4c532b4eaea99aa1f9c4f0b1898d6fc5 ff71ff25b2b0033b0d9f68830728b4cc ac1d732fc1d905ad984d9b04f6a1ad91 ff71ff25b2b0033b0d9f68830728b4cc 7b75d91d2856e9e74fe7cfbb857dcf2f 
",abc
56,Caipirinha,3540000,6.549003262025788,8,"f0dc7a91ef793fd0a59d9568168dec4d fc1cebf02dc2ee68655f3e7bf1b84230 e068407191e8562b53c246343fa2ac6d 
",abc
57,California Lemonade,58400,4.7664128471124,5,"5cbb3871ab023a2971fb397ba92d9672 ff71ff25b2b0033b0d9f68830728b4cc fc1cebf02dc2ee68655f3e7bf1b84230 ac1d732fc1d905ad984d9b04f6a1ad91 3c497e915478d3ef451265d0a0b72a0b 1ea570efeed4f2920a78fa1811aa6103 
",abc
58,Casa Blanca,383000,5.583198773968623,7,"afdffda4e46a14d07503e44bca0f2b48 cbbf6d5cab373efb5f95205d1b85b1ed 58e12a94a9477dc279adaafff8604d1c fd7f75775ac686f5e5ad3d77a5460c0a 
",abc
59,Casino Royale,906000,5.957128197676813,7,"d7ad223a94b1cdb31734ad5fb25df4bd c3e200cab562ee5bfa3c3ade2a3f5d8c fd7f75775ac686f5e5ad3d77a5460c0a d65338d93defdf77c2bc409247425932 3f3e574c181f45eea2aa2548e75f4434 
",abc
60,Champagne Cocktail,10300000,7.012837224705172,9,"89b49e95b5604105c04f218f3e560380 f0dc7a91ef793fd0a59d9568168dec4d 2326d3967f280ca60e01be59c6da01c3 56331d69d4a076151bd529ed6404f8d2 e301d4839154bbf266d3362c898a3e4e 
",abc
61,Cherry Rum,71100,4.851869600729766,5,"afdffda4e46a14d07503e44bca0f2b48 6ac536ae1e7759810e2523864a98ef8a 5e089e4017e8f0c4c07bce7354c8ba43 
",abc
62,Chicago Fizz,7650,3.8836614351536176,3,"afdffda4e46a14d07503e44bca0f2b48 60aaf44d4b562252c04db7f98497e9aa ff71ff25b2b0033b0d9f68830728b4cc ac1d732fc1d905ad984d9b04f6a1ad91 0950210a45488b218b5ec9387827b69c 1ea570efeed4f2920a78fa1811aa6103 
",abc
63,Chocolate Black Russian,15000,4.176091259055681,4,"c0bae48e76229e908077947a58f97c92 4ca90a18e9f0d1242171c3c66074714b 3fdc5b6d97be91c3ab0dd396b3d4774e 
",abc
64,City Slicker,95600,4.9804578922761005,5,"4c532b4eaea99aa1f9c4f0b1898d6fc5 cbbf6d5cab373efb5f95205d1b85b1ed c3e200cab562ee5bfa3c3ade2a3f5d8c 
",abc
65,Clove Cocktail,12400,4.093421685162235,4,"74751ead02cd317f21763850048f9ca5 65a2beb8c3fc4d253b1b83c04f8a6f78 b9eadba3c35f7f89e93c92eb2c8d39b0 
",abc
66,Cuba Libre,3170000,6.501059262217751,8,"afdffda4e46a14d07503e44bca0f2b48 fc1cebf02dc2ee68655f3e7bf1b84230 916a17d53dff7bbd06635fac294e86eb 
",abc
67,Daiquiri,6450000,6.8095597146352675,9,"afdffda4e46a14d07503e44bca0f2b48 fc1cebf02dc2ee68655f3e7bf1b84230 ac1d732fc1d905ad984d9b04f6a1ad91 
",abc
68,Dragonfly,1560000,6.193124598354461,8,"d7ad223a94b1cdb31734ad5fb25df4bd 7d73dc0b6f7aeb20d99293fbdc5d6a6f fc1cebf02dc2ee68655f3e7bf1b84230 
",abc
69,Dry Rob Roy,10200,4.008600171761918,4,"6f6933a566a195007a6f1b5784dc3e5b 992830de8ba8b14e8f55ad8fa0d01e53 56331d69d4a076151bd529ed6404f8d2 
",abc
70,Dubonnet Cocktail,14900,4.173186268412274,4,"09fe90850f6b468fa2d0b3aa80563e58 d7ad223a94b1cdb31734ad5fb25df4bd 2326d3967f280ca60e01be59c6da01c3 56331d69d4a076151bd529ed6404f8d2 
",abc
71,English Highball,3150,3.4983105537896004,3,"4c532b4eaea99aa1f9c4f0b1898d6fc5 d7ad223a94b1cdb31734ad5fb25df4bd 74751ead02cd317f21763850048f9ca5 1ea570efeed4f2920a78fa1811aa6103 56331d69d4a076151bd529ed6404f8d2 
",abc
72,English Rose Cocktail,66900,4.825426117767823,5,"d69d5873205810e716bf15acfa81a8b4 d7ad223a94b1cdb31734ad5fb25df4bd 992830de8ba8b14e8f55ad8fa0d01e53 3c497e915478d3ef451265d0a0b72a0b c3e200cab562ee5bfa3c3ade2a3f5d8c 7b75d91d2856e9e74fe7cfbb857dcf2f 
",abc
73,Flying Dutchman,122000,5.086359830674748,6,"d7ad223a94b1cdb31734ad5fb25df4bd cbbf6d5cab373efb5f95205d1b85b1ed 
",abc
74,Flying Scotchman,3300,3.5185139398778875,3,"6f6933a566a195007a6f1b5784dc3e5b 74751ead02cd317f21763850048f9ca5 2326d3967f280ca60e01be59c6da01c3 9d3bce8eb5cec78e54d36dd0daf2bdc5 
",abc
75,Foxy Lady,168000,5.225309281725863,6,"bf19a4b5a2a24fe84d8f7052f75db565 c1ecb10adbf7e5165a24144da26865df 5e089e4017e8f0c4c07bce7354c8ba43 
",abc
76,"French ""75""",117000,5.068185861746161,6,"d7ad223a94b1cdb31734ad5fb25df4bd f0dc7a91ef793fd0a59d9568168dec4d c3e200cab562ee5bfa3c3ade2a3f5d8c 89b49e95b5604105c04f218f3e560380 909cea0c97058cfe2e3ea8d675cb08e1 048bbe06830c79d2b1a4bbb8aba10293 
",abc
77,Frisco Sour,10200,4.008600171761918,4,"5cbb3871ab023a2971fb397ba92d9672 a0e800295b271ae5322b749afef9597e ff71ff25b2b0033b0d9f68830728b4cc fc1cebf02dc2ee68655f3e7bf1b84230 ff71ff25b2b0033b0d9f68830728b4cc fc1cebf02dc2ee68655f3e7bf1b84230 
",abc
78,Frozen Daiquiri,169000,5.227886704613674,6,"afdffda4e46a14d07503e44bca0f2b48 cbbf6d5cab373efb5f95205d1b85b1ed 58e12a94a9477dc279adaafff8604d1c f0dc7a91ef793fd0a59d9568168dec4d 7b75d91d2856e9e74fe7cfbb857dcf2f 583d6a9fe10d672474e2cdca476113b7 
",abc
79,Frozen Mint Daiquiri,2710,3.432969290874406,3,"afdffda4e46a14d07503e44bca0f2b48 58e12a94a9477dc279adaafff8604d1c ca8a196f97a48b2bb489f3e849a68418 f0dc7a91ef793fd0a59d9568168dec4d 
",abc
80,Frozen Pineapple Daiquiri,20300,4.307496037913213,4,"afdffda4e46a14d07503e44bca0f2b48 7855cca1372aed929a9ae2afb1011134 58e12a94a9477dc279adaafff8604d1c f0dc7a91ef793fd0a59d9568168dec4d 
",abc
81,Gentleman's Club,108000,5.033423755486949,6,"d7ad223a94b1cdb31734ad5fb25df4bd 4c532b4eaea99aa1f9c4f0b1898d6fc5 74751ead02cd317f21763850048f9ca5 481c5a13509d5511286d01b9fc999e25 
",abc
82,Gin And Tonic,1320000,6.12057393120585,8,"d7ad223a94b1cdb31734ad5fb25df4bd c34aa328cd98ab5e3e8faeda8737a957 fc1cebf02dc2ee68655f3e7bf1b84230 
",abc
83,Gin Cooler,19500,4.290034611362518,4,"d7ad223a94b1cdb31734ad5fb25df4bd 1ea570efeed4f2920a78fa1811aa6103 ac1d732fc1d905ad984d9b04f6a1ad91 de043ea8f7daee76c7790088cccb8353 56331d69d4a076151bd529ed6404f8d2 
",abc
84,Gin Daisy,16800,4.225309281725863,4,"d7ad223a94b1cdb31734ad5fb25df4bd c3e200cab562ee5bfa3c3ade2a3f5d8c f0dc7a91ef793fd0a59d9568168dec4d 3c497e915478d3ef451265d0a0b72a0b 048bbe06830c79d2b1a4bbb8aba10293 909cea0c97058cfe2e3ea8d675cb08e1 
",abc
85,Gin Fizz,1060000,6.02530586526477,7,"d7ad223a94b1cdb31734ad5fb25df4bd ff71ff25b2b0033b0d9f68830728b4cc ac1d732fc1d905ad984d9b04f6a1ad91 1ea570efeed4f2920a78fa1811aa6103 
",abc
86,Gin Sling,26700,4.426511261364575,4,"d7ad223a94b1cdb31734ad5fb25df4bd ff71ff25b2b0033b0d9f68830728b4cc ac1d732fc1d905ad984d9b04f6a1ad91 27634ff8002b12e75d98e07ccd005d18 51d228b346684561b4e133f6cbd7a226 
",abc
87,Gin Smash,83600,4.922206277439017,5,"d7ad223a94b1cdb31734ad5fb25df4bd 1ea570efeed4f2920a78fa1811aa6103 f0dc7a91ef793fd0a59d9568168dec4d ca8a196f97a48b2bb489f3e849a68418 909cea0c97058cfe2e3ea8d675cb08e1 7b75d91d2856e9e74fe7cfbb857dcf2f 
",abc
88,Gin Sour,98200,4.99211148778695,5,"d7ad223a94b1cdb31734ad5fb25df4bd c3e200cab562ee5bfa3c3ade2a3f5d8c f0dc7a91ef793fd0a59d9568168dec4d 909cea0c97058cfe2e3ea8d675cb08e1 048bbe06830c79d2b1a4bbb8aba10293 
",abc
89,Gin Squirt,412,2.6148972160331345,1,"d7ad223a94b1cdb31734ad5fb25df4bd 3c497e915478d3ef451265d0a0b72a0b ac1d732fc1d905ad984d9b04f6a1ad91 7855cca1372aed929a9ae2afb1011134 97a89830e8903a601a9b3649e41b3358 1ea570efeed4f2920a78fa1811aa6103 
",abc
90,Gin Swizzle,25600,4.408239965311849,4,"58e12a94a9477dc279adaafff8604d1c f0dc7a91ef793fd0a59d9568168dec4d d7ad223a94b1cdb31734ad5fb25df4bd 2326d3967f280ca60e01be59c6da01c3 481c5a13509d5511286d01b9fc999e25 
",abc
91,Gin Toddy,22500,4.352182518111363,4,"d7ad223a94b1cdb31734ad5fb25df4bd 27634ff8002b12e75d98e07ccd005d18 ac1d732fc1d905ad984d9b04f6a1ad91 56331d69d4a076151bd529ed6404f8d2 
",abc
92,Godchild,233000,5.367355921026019,6,"4ca90a18e9f0d1242171c3c66074714b bf19a4b5a2a24fe84d8f7052f75db565 84faf42eadc9ca92b9f836bf04ddd2f7 
",abc
93,Godfather,732000,5.864511081058392,7,"6f6933a566a195007a6f1b5784dc3e5b bf19a4b5a2a24fe84d8f7052f75db565 
",abc
94,Godmother,1260000,6.1003705451175625,7,"4ca90a18e9f0d1242171c3c66074714b bf19a4b5a2a24fe84d8f7052f75db565 
",abc
95,Grass Skirt,232000,5.365487984890899,6,"d7ad223a94b1cdb31734ad5fb25df4bd cbbf6d5cab373efb5f95205d1b85b1ed 2f2c7d452dc57db7c574ae0229ab3df3 3c497e915478d3ef451265d0a0b72a0b 7855cca1372aed929a9ae2afb1011134 
",abc
96,Harvey Wallbanger,1620000,6.209515014542631,8,"4ca90a18e9f0d1242171c3c66074714b 21ede24ed5a905238688922e8dd9c061 d6dd8769c2796fa05a8e240859bc511d 
",abc
97,Havana Cocktail,20500,4.311753861055754,4,"afdffda4e46a14d07503e44bca0f2b48 2f2c7d452dc57db7c574ae0229ab3df3 c3e200cab562ee5bfa3c3ade2a3f5d8c 
",abc
98,Hawaiian Cocktail,210000,5.3222192947339195,6,"d7ad223a94b1cdb31734ad5fb25df4bd cbbf6d5cab373efb5f95205d1b85b1ed 2f2c7d452dc57db7c574ae0229ab3df3 
",abc
99,Highland Fling Cocktail,422,2.625312450961674,1,"6f6933a566a195007a6f1b5784dc3e5b 74751ead02cd317f21763850048f9ca5 d65338d93defdf77c2bc409247425932 2b8b384cdd92d3e81c43b2d43de8c247 
",abc
100,Imperial Fizz,5610,3.7489628612561616,3,"afdffda4e46a14d07503e44bca0f2b48 5cbb3871ab023a2971fb397ba92d9672 ff71ff25b2b0033b0d9f68830728b4cc ac1d732fc1d905ad984d9b04f6a1ad91 1ea570efeed4f2920a78fa1811aa6103 
",abc
101,Irish Spring,48500,4.685741738602264,5,"dadcc745c46712222abb833304838f2a 47dc7aa595f1dc17f0d7be7e2d437b82 d6dd8769c2796fa05a8e240859bc511d 39370980210a916b3af361cda80f2ac8 909cea0c97058cfe2e3ea8d675cb08e1 7b75d91d2856e9e74fe7cfbb857dcf2f 
",abc
102,Jack Rose Cocktail,15800,4.198657086954422,4,"543d6e99c54b2d4a4017a265bc45b0c6 3c497e915478d3ef451265d0a0b72a0b fc1cebf02dc2ee68655f3e7bf1b84230 
",abc
103,Japanese Fizz,2870,3.4578818967339924,3,"5cbb3871ab023a2971fb397ba92d9672 ff71ff25b2b0033b0d9f68830728b4cc ac1d732fc1d905ad984d9b04f6a1ad91 60aaf44d4b562252c04db7f98497e9aa 0950210a45488b218b5ec9387827b69c 1ea570efeed4f2920a78fa1811aa6103 
",abc
104,Jewel Of The Nile,97700,4.9898945637187735,5,"d7ad223a94b1cdb31734ad5fb25df4bd 73b8d93ea35e00969e557ae733954dc5 20f4f374c86e6b5ffdea81a9e6dc96de 
",abc
105,John Collins,228000,5.357934847000454,6,"5b014b2f353c899a48edbb22cf78b17f c3e200cab562ee5bfa3c3ade2a3f5d8c f0dc7a91ef793fd0a59d9568168dec4d 481c5a13509d5511286d01b9fc999e25 048bbe06830c79d2b1a4bbb8aba10293 909cea0c97058cfe2e3ea8d675cb08e1 
",abc
106,Kamikaze,1740000,6.2405492482825995,8,"4ca90a18e9f0d1242171c3c66074714b cbbf6d5cab373efb5f95205d1b85b1ed 58e12a94a9477dc279adaafff8604d1c 
",abc
107,Kentucky B And B,256,2.4082399653118496,1,"5b014b2f353c899a48edbb22cf78b17f a0e800295b271ae5322b749afef9597e 
",abc
108,Kentucky Colonel,13900,4.143014800254095,4,"5b014b2f353c899a48edbb22cf78b17f a0e800295b271ae5322b749afef9597e 56331d69d4a076151bd529ed6404f8d2 
",abc
109,Lady Love Fizz,1600,3.2041199826559246,2,"d7ad223a94b1cdb31734ad5fb25df4bd 5e089e4017e8f0c4c07bce7354c8ba43 ac1d732fc1d905ad984d9b04f6a1ad91 ff71ff25b2b0033b0d9f68830728b4cc 0950210a45488b218b5ec9387827b69c 1ea570efeed4f2920a78fa1811aa6103 
",abc
110,Loch Lomond,160000,5.204119982655925,6,"6f6933a566a195007a6f1b5784dc3e5b 98150e14e96c016533cdf9a8e94481c2 992830de8ba8b14e8f55ad8fa0d01e53 56331d69d4a076151bd529ed6404f8d2 
",abc
111,London Town,1240000,6.093421685162235,7,"d7ad223a94b1cdb31734ad5fb25df4bd fd7f75775ac686f5e5ad3d77a5460c0a d65338d93defdf77c2bc409247425932 
",abc
112,Lone Tree Cocktail,661,2.82020145948564,1,"74751ead02cd317f21763850048f9ca5 d7ad223a94b1cdb31734ad5fb25df4bd 
",abc
113,Lone Tree Cooler,698,2.843855422623161,1,"1ea570efeed4f2920a78fa1811aa6103 d7ad223a94b1cdb31734ad5fb25df4bd 992830de8ba8b14e8f55ad8fa0d01e53 ac1d732fc1d905ad984d9b04f6a1ad91 de043ea8f7daee76c7790088cccb8353 56331d69d4a076151bd529ed6404f8d2 
",abc
114,Long Island Tea,91300,4.960470777534299,5,"4ca90a18e9f0d1242171c3c66074714b afdffda4e46a14d07503e44bca0f2b48 d7ad223a94b1cdb31734ad5fb25df4bd 2505f2b3f5d789478b6edf49af6a07f7 ff71ff25b2b0033b0d9f68830728b4cc 916a17d53dff7bbd06635fac294e86eb 
",abc
115,Lord And Lady,55100,4.741151598851785,5,"dc3848f85d5402c995be2314782511b0 86def8609dacc58c53029e2cea0a5266 
",abc
116,Mai Tai,3620000,6.558708570533166,8,"afdffda4e46a14d07503e44bca0f2b48 2123a9d686e1274a6973759a708aa5ab cbbf6d5cab373efb5f95205d1b85b1ed 39370980210a916b3af361cda80f2ac8 7b75d91d2856e9e74fe7cfbb857dcf2f 
",abc
117,Martinez Cocktail,48300,4.683947130751513,5,"d7ad223a94b1cdb31734ad5fb25df4bd 992830de8ba8b14e8f55ad8fa0d01e53 cbbf6d5cab373efb5f95205d1b85b1ed d65338d93defdf77c2bc409247425932 7b75d91d2856e9e74fe7cfbb857dcf2f 
",abc
118,Martini,5670000,6.753583058892906,9,"d7ad223a94b1cdb31734ad5fb25df4bd 992830de8ba8b14e8f55ad8fa0d01e53 2b8b384cdd92d3e81c43b2d43de8c247 
",abc
119,Midnight Cowboy,102000,5.008600171761918,5,"5b014b2f353c899a48edbb22cf78b17f dc3848f85d5402c995be2314782511b0 84faf42eadc9ca92b9f836bf04ddd2f7 
",abc
120,Mississippi Planters Punch,385,2.5854607295085006,1,"4c532b4eaea99aa1f9c4f0b1898d6fc5 afdffda4e46a14d07503e44bca0f2b48 5b014b2f353c899a48edbb22cf78b17f ff71ff25b2b0033b0d9f68830728b4cc ac1d732fc1d905ad984d9b04f6a1ad91 1ea570efeed4f2920a78fa1811aa6103 
",abc
121,Monkey Wrench,52600,4.720985744153739,5,"afdffda4e46a14d07503e44bca0f2b48 1b895b1423260c61b49d8868ac3077cc 2326d3967f280ca60e01be59c6da01c3 
",abc
122,New York Sour,46700,4.669316880566112,5,"5cbb3871ab023a2971fb397ba92d9672 ff71ff25b2b0033b0d9f68830728b4cc f0dc7a91ef793fd0a59d9568168dec4d 9cb697123668a601f96fa66fa76ef4f3 ff71ff25b2b0033b0d9f68830728b4cc 7b75d91d2856e9e74fe7cfbb857dcf2f 
",abc
123,Orange Oasis,16000,4.204119982655925,4,"6ac536ae1e7759810e2523864a98ef8a d7ad223a94b1cdb31734ad5fb25df4bd d6dd8769c2796fa05a8e240859bc511d 7d73dc0b6f7aeb20d99293fbdc5d6a6f 
",abc
124,Orgasm,2980000,6.474216264076255,8,"c1ecb10adbf7e5165a24144da26865df bf19a4b5a2a24fe84d8f7052f75db565 cbbf6d5cab373efb5f95205d1b85b1ed 4ca90a18e9f0d1242171c3c66074714b 5e089e4017e8f0c4c07bce7354c8ba43 
",abc
125,Pink Gin,211000,5.324282455297693,6,"2326d3967f280ca60e01be59c6da01c3 d7ad223a94b1cdb31734ad5fb25df4bd 
",abc
126,Pink Lady,4070000,6.60959440922522,8,"d7ad223a94b1cdb31734ad5fb25df4bd 3c497e915478d3ef451265d0a0b72a0b 5e089e4017e8f0c4c07bce7354c8ba43 0950210a45488b218b5ec9387827b69c 
",abc
127,Poppy Cocktail,26900,4.429752280002408,4,"d7ad223a94b1cdb31734ad5fb25df4bd c1ecb10adbf7e5165a24144da26865df 
",abc
128,Port And Starboard,105000,5.021189299069938,5,"3c497e915478d3ef451265d0a0b72a0b 3acf19c6e95442c30b368e5701e7207b 
",abc
129,Port Wine Cocktail,59400,4.7737864449811935,5,"60aaf44d4b562252c04db7f98497e9aa 4c532b4eaea99aa1f9c4f0b1898d6fc5 
",abc
130,Port Wine Flip,2690,3.429752280002408,3,"60aaf44d4b562252c04db7f98497e9aa 5e089e4017e8f0c4c07bce7354c8ba43 ac1d732fc1d905ad984d9b04f6a1ad91 f04ba3c635d301c987d90fc75c71775b 5b5ea2ebaf974c74d74cb80576c5aabb 
",abc
131,Quaker's Cocktail,14000,4.146128035678238,4,"afdffda4e46a14d07503e44bca0f2b48 4c532b4eaea99aa1f9c4f0b1898d6fc5 ff71ff25b2b0033b0d9f68830728b4cc e30d48c22cdc87e1e0158cf79b728b04 
",abc
132,Quarter Deck Cocktail,4530,3.656098202012832,3,"afdffda4e46a14d07503e44bca0f2b48 aacdcaab42f85782dbafce7a5d26b4b1 fc1cebf02dc2ee68655f3e7bf1b84230 
",abc
133,Queen Bee,737000,5.867467487859051,7,"7447b2b2ed8c471c48bfd13959ab714b c9e92f9df06995082f27af89a099efca aacdcaab42f85782dbafce7a5d26b4b1 
",abc
134,Queen Charlotte,73000,4.863322860120456,5,"9cb697123668a601f96fa66fa76ef4f3 3c497e915478d3ef451265d0a0b72a0b 8efadd87194330d2b4a1c5fd08350791 
",abc
135,Queen Elizabeth,5940000,6.7737864449811935,9,"992830de8ba8b14e8f55ad8fa0d01e53 d7ad223a94b1cdb31734ad5fb25df4bd a0e800295b271ae5322b749afef9597e 
",abc
136,Quentin,6910000,6.8394780473741985,9,"dc3848f85d5402c995be2314782511b0 c0bae48e76229e908077947a58f97c92 5e089e4017e8f0c4c07bce7354c8ba43 5b5ea2ebaf974c74d74cb80576c5aabb 
",abc
137,Royal Fizz,15200,4.181843587944773,4,"d7ad223a94b1cdb31734ad5fb25df4bd 39370980210a916b3af361cda80f2ac8 f04ba3c635d301c987d90fc75c71775b 916a17d53dff7bbd06635fac294e86eb 
",abc
138,Royal Gin Fizz,6900,3.838849090737255,3,"d7ad223a94b1cdb31734ad5fb25df4bd ff71ff25b2b0033b0d9f68830728b4cc ac1d732fc1d905ad984d9b04f6a1ad91 f04ba3c635d301c987d90fc75c71775b 1ea570efeed4f2920a78fa1811aa6103 
",abc
139,Rum Cobbler,27800,4.444044795918076,4,"f0dc7a91ef793fd0a59d9568168dec4d 481c5a13509d5511286d01b9fc999e25 ff71ff25b2b0033b0d9f68830728b4cc dc3848f85d5402c995be2314782511b0 048bbe06830c79d2b1a4bbb8aba10293 909cea0c97058cfe2e3ea8d675cb08e1 
",abc
140,Rum Cooler,21200,4.326335860928752,4,"dc3c2630b55fbada1e4a12f97f3f1896 8efadd87194330d2b4a1c5fd08350791 ff71ff25b2b0033b0d9f68830728b4cc 
",abc
141,Rum Milk Punch,12700,4.103803720955957,4,"afdffda4e46a14d07503e44bca0f2b48 e89b2cbb7d11825a67459af2249064de ac1d732fc1d905ad984d9b04f6a1ad91 5b5ea2ebaf974c74d74cb80576c5aabb 
",abc
142,Rum Old-fashioned,36700,4.56466606425209,5,"afdffda4e46a14d07503e44bca0f2b48 dda55f8a5313dd7f87e6f856b2f7b338 ac1d732fc1d905ad984d9b04f6a1ad91 2326d3967f280ca60e01be59c6da01c3 27634ff8002b12e75d98e07ccd005d18 c17d4886e14147616147c0092d7f267f 
",abc
143,Rum Screwdriver,11700,4.068185861746161,4,"afdffda4e46a14d07503e44bca0f2b48 d6dd8769c2796fa05a8e240859bc511d 
",abc
144,Rum Sour,56700,4.753583058892906,5,"afdffda4e46a14d07503e44bca0f2b48 c3e200cab562ee5bfa3c3ade2a3f5d8c f0dc7a91ef793fd0a59d9568168dec4d 909cea0c97058cfe2e3ea8d675cb08e1 048bbe06830c79d2b1a4bbb8aba10293 
",abc
145,Rum Toddy,18200,4.260071387985075,4,"dc3c2630b55fbada1e4a12f97f3f1896 ac1d732fc1d905ad984d9b04f6a1ad91 56331d69d4a076151bd529ed6404f8d2 27634ff8002b12e75d98e07ccd005d18 
",abc
146,Rusty Nail,1390000,6.143014800254095,8,"6f6933a566a195007a6f1b5784dc3e5b 98150e14e96c016533cdf9a8e94481c2 56331d69d4a076151bd529ed6404f8d2 
",abc
147,Salty Dog,640000,5.8061799739838875,7,"1b895b1423260c61b49d8868ac3077cc d7ad223a94b1cdb31734ad5fb25df4bd af334c7b6ef89b42a94f7932a1ee9ffe 
",abc
148,Sazerac,1130000,6.05307844348342,7,"709d6c39cf62a3cf516d08192d647879 f0dc7a91ef793fd0a59d9568168dec4d 3f16d724109198b74f62e0454760b4a7 27634ff8002b12e75d98e07ccd005d18 5b014b2f353c899a48edbb22cf78b17f 56331d69d4a076151bd529ed6404f8d2 
",abc
149,Scooter,6760000,6.8299466959416355,9,"4c532b4eaea99aa1f9c4f0b1898d6fc5 bf19a4b5a2a24fe84d8f7052f75db565 5e089e4017e8f0c4c07bce7354c8ba43 
",abc
150,Scotch Cobbler,4820,3.6830470382388496,3,"6f6933a566a195007a6f1b5784dc3e5b 4c532b4eaea99aa1f9c4f0b1898d6fc5 0d2268d462cd08b20b7508c3fc0fde5e 909cea0c97058cfe2e3ea8d675cb08e1 ca8a196f97a48b2bb489f3e849a68418 
",abc
151,Scotch Sour,47500,4.676693609624866,5,"6f6933a566a195007a6f1b5784dc3e5b fc1cebf02dc2ee68655f3e7bf1b84230 ac1d732fc1d905ad984d9b04f6a1ad91 ff71ff25b2b0033b0d9f68830728b4cc 7b75d91d2856e9e74fe7cfbb857dcf2f 
",abc
152,Screwdriver,1250000,6.096910013008056,7,"4ca90a18e9f0d1242171c3c66074714b d6dd8769c2796fa05a8e240859bc511d 
",abc
153,Shanghai Cocktail,27900,4.445604203273597,4,"afdffda4e46a14d07503e44bca0f2b48 34986c09abfcc53abb1ac4314a31075e 3c497e915478d3ef451265d0a0b72a0b ff71ff25b2b0033b0d9f68830728b4cc 
",abc
154,Sherry Eggnog,5170,3.7134905430939424,3,"aacdcaab42f85782dbafce7a5d26b4b1 ac1d732fc1d905ad984d9b04f6a1ad91 f04ba3c635d301c987d90fc75c71775b e89b2cbb7d11825a67459af2249064de 5b5ea2ebaf974c74d74cb80576c5aabb 
",abc
155,Sherry Flip,28100,4.44870631990508,4,"aacdcaab42f85782dbafce7a5d26b4b1 5e089e4017e8f0c4c07bce7354c8ba43 ac1d732fc1d905ad984d9b04f6a1ad91 f04ba3c635d301c987d90fc75c71775b 5b5ea2ebaf974c74d74cb80576c5aabb 
",abc
156,Sidecar,952000,5.978636948384474,7,"e301d4839154bbf266d3362c898a3e4e e86759bc4b09b555a86d5cf49c538e58 c3e200cab562ee5bfa3c3ade2a3f5d8c 
",abc
157,Sidecar Cocktail,19500,4.290034611362518,4,"4c532b4eaea99aa1f9c4f0b1898d6fc5 cbbf6d5cab373efb5f95205d1b85b1ed ff71ff25b2b0033b0d9f68830728b4cc 
",abc
158,Singapore Sling,930000,5.968482948553935,7,"6ac536ae1e7759810e2523864a98ef8a 3c497e915478d3ef451265d0a0b72a0b d7ad223a94b1cdb31734ad5fb25df4bd 39370980210a916b3af361cda80f2ac8 1ea570efeed4f2920a78fa1811aa6103 7b75d91d2856e9e74fe7cfbb857dcf2f 
",abc
159,Sloe Gin Cocktail,61900,4.791690649020118,5,"65a2beb8c3fc4d253b1b83c04f8a6f78 992830de8ba8b14e8f55ad8fa0d01e53 d65338d93defdf77c2bc409247425932 
",abc
160,Sol Y Sombra,42100,4.624282095835668,5,"4c532b4eaea99aa1f9c4f0b1898d6fc5 34986c09abfcc53abb1ac4314a31075e 
",abc
161,Stone Sour,95400,4.979548374704095,5,"d69d5873205810e716bf15acfa81a8b4 d6dd8769c2796fa05a8e240859bc511d 39370980210a916b3af361cda80f2ac8 
",abc
162,Strawberry Daiquiri,782000,5.893206753059848,7,"b826caf7ad2b07bd8b219760897b476f afdffda4e46a14d07503e44bca0f2b48 58e12a94a9477dc279adaafff8604d1c ac1d732fc1d905ad984d9b04f6a1ad91 97a89830e8903a601a9b3649e41b3358 
",abc
163,Strawberry Margarita,768000,5.885361220031512,7,"b826caf7ad2b07bd8b219760897b476f 2505f2b3f5d789478b6edf49af6a07f7 cbbf6d5cab373efb5f95205d1b85b1ed c3e200cab562ee5bfa3c3ade2a3f5d8c 97a89830e8903a601a9b3649e41b3358 af334c7b6ef89b42a94f7932a1ee9ffe 
",abc
164,Tequila Fizz,4020,3.60422605308447,3,"2505f2b3f5d789478b6edf49af6a07f7 c3e200cab562ee5bfa3c3ade2a3f5d8c 3c497e915478d3ef451265d0a0b72a0b 0950210a45488b218b5ec9387827b69c 7d73dc0b6f7aeb20d99293fbdc5d6a6f 
",abc
165,Tequila Sour,32200,4.507855871695831,5,"2505f2b3f5d789478b6edf49af6a07f7 ff71ff25b2b0033b0d9f68830728b4cc ac1d732fc1d905ad984d9b04f6a1ad91 ff71ff25b2b0033b0d9f68830728b4cc 7b75d91d2856e9e74fe7cfbb857dcf2f 
",abc
166,Thriller,3270000,6.514547752660286,8,"6f6933a566a195007a6f1b5784dc3e5b b9eadba3c35f7f89e93c92eb2c8d39b0 d6dd8769c2796fa05a8e240859bc511d 
",abc
167,Tom Collins,701000,5.845718017966659,7,"d7ad223a94b1cdb31734ad5fb25df4bd c3e200cab562ee5bfa3c3ade2a3f5d8c f0dc7a91ef793fd0a59d9568168dec4d 481c5a13509d5511286d01b9fc999e25 048bbe06830c79d2b1a4bbb8aba10293 909cea0c97058cfe2e3ea8d675cb08e1 
",abc
168,Turf Cocktail,15200,4.181843587944773,4,"992830de8ba8b14e8f55ad8fa0d01e53 d7ad223a94b1cdb31734ad5fb25df4bd c7e4922e65e8371d3eec31dfa660f65a 2326d3967f280ca60e01be59c6da01c3 51d228b346684561b4e133f6cbd7a226 
",abc
169,Tuxedo Cocktail,25800,4.41161970596323,4,"992830de8ba8b14e8f55ad8fa0d01e53 d7ad223a94b1cdb31734ad5fb25df4bd fd7f75775ac686f5e5ad3d77a5460c0a c7e4922e65e8371d3eec31dfa660f65a d65338d93defdf77c2bc409247425932 7b75d91d2856e9e74fe7cfbb857dcf2f 
",abc
170,Valencia Cocktail,11000,4.041392685158225,4,"d69d5873205810e716bf15acfa81a8b4 d6dd8769c2796fa05a8e240859bc511d d65338d93defdf77c2bc409247425932 
",abc
171,Van Vleet,8870,3.9479236198317262,4,"afdffda4e46a14d07503e44bca0f2b48 083dc65a93d9c90a74a0409343ff4422 c3e200cab562ee5bfa3c3ade2a3f5d8c 
",abc
172,Vermouth Cassis,10400,4.017033339298781,4,"992830de8ba8b14e8f55ad8fa0d01e53 150db56cbf2f25a3eccf75a85e0bfc6b 1ea570efeed4f2920a78fa1811aa6103 
",abc
173,Vesuvio,207000,5.315970345456917,6,"afdffda4e46a14d07503e44bca0f2b48 74751ead02cd317f21763850048f9ca5 ff71ff25b2b0033b0d9f68830728b4cc ac1d732fc1d905ad984d9b04f6a1ad91 0950210a45488b218b5ec9387827b69c 
",abc
174,Veteran,7780000,6.8909795969896885,9,"dc3848f85d5402c995be2314782511b0 6ac536ae1e7759810e2523864a98ef8a 
",abc
175,Victor,16300000,7.212187604403958,10,"d7ad223a94b1cdb31734ad5fb25df4bd 74751ead02cd317f21763850048f9ca5 4c532b4eaea99aa1f9c4f0b1898d6fc5 
",abc
176,Victory Collins,569,2.7551122663950713,1,"4ca90a18e9f0d1242171c3c66074714b c3e200cab562ee5bfa3c3ade2a3f5d8c 9f7a5607985b6cbcca280ecf4941d26f ac1d732fc1d905ad984d9b04f6a1ad91 909cea0c97058cfe2e3ea8d675cb08e1 
",abc
177,Vodka And Tonic,1960000,6.292256071356476,8,"4ca90a18e9f0d1242171c3c66074714b c34aa328cd98ab5e3e8faeda8737a957 
",abc
178,Waikiki Beachcomber,13900,4.143014800254095,4,"cbbf6d5cab373efb5f95205d1b85b1ed d7ad223a94b1cdb31734ad5fb25df4bd 2f2c7d452dc57db7c574ae0229ab3df3 
",abc
179,Whiskey Sour,253000,5.4031205211758175,6,"5cbb3871ab023a2971fb397ba92d9672 ff71ff25b2b0033b0d9f68830728b4cc ac1d732fc1d905ad984d9b04f6a1ad91 7b75d91d2856e9e74fe7cfbb857dcf2f ff71ff25b2b0033b0d9f68830728b4cc 
",abc
180,Whisky Mac,5160,3.7126497016272113,3,"6f6933a566a195007a6f1b5784dc3e5b b9eadba3c35f7f89e93c92eb2c8d39b0 
",abc
181,White Russian,777000,5.8904210188009145,7,"4ca90a18e9f0d1242171c3c66074714b c9a9f9e06e89995f568272dfe6aeb02d 5e089e4017e8f0c4c07bce7354c8ba43 
",abc
182,Afterglow,2100000,6.3222192947339195,8,"3c497e915478d3ef451265d0a0b72a0b d6dd8769c2796fa05a8e240859bc511d 2f2c7d452dc57db7c574ae0229ab3df3 
",abc
183,Alice Cocktail,22800,4.357934847000454,4,"3c497e915478d3ef451265d0a0b72a0b d6dd8769c2796fa05a8e240859bc511d 2f2c7d452dc57db7c574ae0229ab3df3 df772146f2037081819360e9fbdf519b 
",abc
184,Apple Karate,2640,3.4216039268698313,3,"e5461ecceaa115c0396547c143e0d9f8 1ed10d1bb14ff1b1bf02aad5a5cdb052 
",abc
185,Bora Bora,1300000,6.113943352306837,7,"2f2c7d452dc57db7c574ae0229ab3df3 ef38ba2edcbb638014729ec5bd336497 c3e200cab562ee5bfa3c3ade2a3f5d8c 3c497e915478d3ef451265d0a0b72a0b 
",abc
186,Orangeade,89200,4.950364854376123,5,"c3e200cab562ee5bfa3c3ade2a3f5d8c d6dd8769c2796fa05a8e240859bc511d 9d3bce8eb5cec78e54d36dd0daf2bdc5 06fbd6101341fcfb530263a3120e9e6f 
",abc
187,Rail Splitter,29700,4.472756449317212,4,"9d3bce8eb5cec78e54d36dd0daf2bdc5 c3e200cab562ee5bfa3c3ade2a3f5d8c 7d73dc0b6f7aeb20d99293fbdc5d6a6f 
",abc
188,Banana Milk Shake,70100,4.845718017966659,5,"e89b2cbb7d11825a67459af2249064de d6dd8769c2796fa05a8e240859bc511d 9d3bce8eb5cec78e54d36dd0daf2bdc5 e6f9c347672daae5a2557ae118f44a1e 
",abc
189,Banana Strawberry Shake,27300,4.4361626470407565,4,"97a89830e8903a601a9b3649e41b3358 e6f9c347672daae5a2557ae118f44a1e 6481b9d8e31a85125213ffd371c8b94c e89b2cbb7d11825a67459af2249064de 8dc0611245a871ac51bbeebb85f33a58 
",abc
190,Banana Strawberry Shake Daiquiri-type,110,2.041392685158225,0,"97a89830e8903a601a9b3649e41b3358 e6f9c347672daae5a2557ae118f44a1e e5461ecceaa115c0396547c143e0d9f8 
",abc
191,Egg Cream,131000,5.117271295655764,6,"411689cb0aedd1f7ad24e3f856d62081 e89b2cbb7d11825a67459af2249064de 06fbd6101341fcfb530263a3120e9e6f 
",abc
192,Fruit Cooler,17300,4.238046103128795,4,"e5461ecceaa115c0396547c143e0d9f8 97a89830e8903a601a9b3649e41b3358 f0dc7a91ef793fd0a59d9568168dec4d ff71ff25b2b0033b0d9f68830728b4cc 9f6290f4436e5a2351f12e03b6433c3c 06fbd6101341fcfb530263a3120e9e6f 583d6a9fe10d672474e2cdca476113b7 
",abc
193,Fruit Flip-Flop,1030,3.012837224705172,2,"6481b9d8e31a85125213ffd371c8b94c b44ea2f22d68433461d892e74516a322 
",abc
194,Fruit Shake,52700,4.721810615212546,5,"6481b9d8e31a85125213ffd371c8b94c e6f9c347672daae5a2557ae118f44a1e d6dd8769c2796fa05a8e240859bc511d 3b26194b13edb91ea719ef5cbee8d5bd 583d6a9fe10d672474e2cdca476113b7 
",abc
195,Just a Moonmint,312,2.494154594018443,1,"e89b2cbb7d11825a67459af2249064de 411689cb0aedd1f7ad24e3f856d62081 04f67c3630ac15cf2b0544b9fb1a60c7 
",abc
196,Lassi - A South Indian Drink,317,2.5010592622177517,1,"6481b9d8e31a85125213ffd371c8b94c 27634ff8002b12e75d98e07ccd005d18 61edb762cdd4c6d6b11d61a48a462c90 af334c7b6ef89b42a94f7932a1ee9ffe ca8a196f97a48b2bb489f3e849a68418 
",abc
197,Lassi Khara,263,2.419955748489758,1,"6481b9d8e31a85125213ffd371c8b94c 27634ff8002b12e75d98e07ccd005d18 af334c7b6ef89b42a94f7932a1ee9ffe 58f5568a1af9a60ae944a90892b8ce24 
",abc
198,Lassi Raita,1670,3.2227164711475833,2,"6481b9d8e31a85125213ffd371c8b94c 583d6a9fe10d672474e2cdca476113b7 f0dc7a91ef793fd0a59d9568168dec4d fc1cebf02dc2ee68655f3e7bf1b84230 af334c7b6ef89b42a94f7932a1ee9ffe 
",abc
199,Lassi - Sweet,29500,4.469822015978163,4,"6481b9d8e31a85125213ffd371c8b94c 27634ff8002b12e75d98e07ccd005d18 f0dc7a91ef793fd0a59d9568168dec4d af334c7b6ef89b42a94f7932a1ee9ffe c3e200cab562ee5bfa3c3ade2a3f5d8c 
",abc
200,Lassi - Mango,20900,4.320146286111054,4,"95f8c2da33b8930f8d6fee0d524c0817 6481b9d8e31a85125213ffd371c8b94c f0dc7a91ef793fd0a59d9568168dec4d 27634ff8002b12e75d98e07ccd005d18 
",abc
201,Lemouroudji,228,2.357934847000454,1,"63e3363dabd9fb306c357d01617c0e57 27634ff8002b12e75d98e07ccd005d18 ff71ff25b2b0033b0d9f68830728b4cc f0dc7a91ef793fd0a59d9568168dec4d 613da22976aa460fdbdf1cd7e46e8769 
",abc
202,Limeade,2870000,6.457881896733992,8,"fc1cebf02dc2ee68655f3e7bf1b84230 f0dc7a91ef793fd0a59d9568168dec4d 06fbd6101341fcfb530263a3120e9e6f c17d4886e14147616147c0092d7f267f 
",abc
203,Imperial Cocktail,8110,3.909020854211156,3,"58e12a94a9477dc279adaafff8604d1c d7ad223a94b1cdb31734ad5fb25df4bd 0394b39f9a22a042c7243f6e3c4bc0ea 
",abc
204,Banana Cantaloupe Smoothie,21000,4.3222192947339195,4,"1dd3beb4eed4b1bab9f41ab76045de31 e6f9c347672daae5a2557ae118f44a1e 
",abc
205,Apple Berry Smoothie,8340,3.921166050637739,3,"c89f71156fb3b129973d288f48c1a0a2 9f6290f4436e5a2351f12e03b6433c3c 
",abc
206,Grape lemon pineapple Smoothie,3220,3.507855871695831,3,"af9d7c5a9abb28d05ac503a846ab3d3a ff71ff25b2b0033b0d9f68830728b4cc 7855cca1372aed929a9ae2afb1011134 
",abc
207,Kiwi Papaya Smoothie,8400,3.9242792860618816,3,"b6ef9705b1e58b643edc23e7f81318ed 6098d1c09959f79be4b387f68f7ce0bd 
",abc
208,Mango Orange Smoothie,118000,5.071882007306125,6,"95f8c2da33b8930f8d6fee0d524c0817 909cea0c97058cfe2e3ea8d675cb08e1 
",abc
209,Pineapple Gingerale Smoothie,3050,3.484299839346786,3,"63e3363dabd9fb306c357d01617c0e57 7855cca1372aed929a9ae2afb1011134 
",abc
210,Kill the cold Smoothie,5100,3.7075701760979363,3,"63e3363dabd9fb306c357d01617c0e57 ff71ff25b2b0033b0d9f68830728b4cc 27634ff8002b12e75d98e07ccd005d18 
",abc
211,Strawberry Shivers,108,2.03342375548695,0,"97a89830e8903a601a9b3649e41b3358 8dc0611245a871ac51bbeebb85f33a58 27634ff8002b12e75d98e07ccd005d18 
",abc
212,Sweet Bananas,26100,4.416640507338281,4,"e89b2cbb7d11825a67459af2249064de e6f9c347672daae5a2557ae118f44a1e 8dc0611245a871ac51bbeebb85f33a58 
",abc
213,Tomato Tang,44800,4.6512780139981444,5,"3eadbad03169136f242eb85528547b3a c3e200cab562ee5bfa3c3ade2a3f5d8c c4988e66c1f004b7e25eb765e1bc1541 
",abc
214,Yoghurt Cooler,3130,3.4955443375464483,3,"6481b9d8e31a85125213ffd371c8b94c 3b26194b13edb91ea719ef5cbee8d5bd 583d6a9fe10d672474e2cdca476113b7 
",abc
215,Castillian Hot Chocolate,551,2.741151598851785,1,"4fa15b70570993ab85a7d936355d639a f0dc7a91ef793fd0a59d9568168dec4d 2033893ec291e0e503d80d91a9052e59 27634ff8002b12e75d98e07ccd005d18 e89b2cbb7d11825a67459af2249064de 
",abc
216,Chocolate Beverage,34500,4.537819095073274,5,"e89b2cbb7d11825a67459af2249064de 6ea408ea56e8b710aa240004af7580c1 fb4c74d473f876067270dc59d7d799e9 f04ba3c635d301c987d90fc75c71775b 
",abc
217,Chocolate Drink,560000,5.748188027006201,7,"6ea408ea56e8b710aa240004af7580c1 e89b2cbb7d11825a67459af2249064de 27634ff8002b12e75d98e07ccd005d18 
",abc
218,Drinking Chocolate,137000,5.136720567156407,6,"84faf42eadc9ca92b9f836bf04ddd2f7 e89b2cbb7d11825a67459af2249064de fb4c74d473f876067270dc59d7d799e9 7d3cf600bf044a1aaf9324807bd8d13e 6ea408ea56e8b710aa240004af7580c1 2f2e4218a9d7d64cdd64141326aff0dc 
",abc
219,Hot Chocolate to Die for,77800,4.8909795969896885,5,"6ea408ea56e8b710aa240004af7580c1 e5961b0baa369b1c565601db04d82c3c a261109162945d824054ab206c6455e4 050d282587cfe48fa1a4e167869c0a5d d0430c7a83df3b37b26c09a66159f464 
",abc
220,Microwave Hot Cocoa,23800,4.376576957056512,4,"f0dc7a91ef793fd0a59d9568168dec4d 4fa15b70570993ab85a7d936355d639a af334c7b6ef89b42a94f7932a1ee9ffe 27634ff8002b12e75d98e07ccd005d18 e89b2cbb7d11825a67459af2249064de a261109162945d824054ab206c6455e4 
",abc
221,Nuked Hot Chocolate,176,2.24551266781415,0,"4fa15b70570993ab85a7d936355d639a f0dc7a91ef793fd0a59d9568168dec4d a261109162945d824054ab206c6455e4 e89b2cbb7d11825a67459af2249064de 
",abc
222,Orange Scented Hot Chocolate,898,2.9532763366673045,2,"e89b2cbb7d11825a67459af2249064de 6ea408ea56e8b710aa240004af7580c1 51d228b346684561b4e133f6cbd7a226 8d471cef54bac1226d079347b4d9dd63 5b5ea2ebaf974c74d74cb80576c5aabb 
",abc
223,Spanish chocolate,19400,4.2878017299302265,4,"e89b2cbb7d11825a67459af2249064de 6ea408ea56e8b710aa240004af7580c1 fb4c74d473f876067270dc59d7d799e9 3f3e574c181f45eea2aa2548e75f4434 
",abc
224,Lemon Shot,9710,3.9872192299080047,4,"21ede24ed5a905238688922e8dd9c061 2399edca09e5ebb1e34ecdff382833df ff71ff25b2b0033b0d9f68830728b4cc f0dc7a91ef793fd0a59d9568168dec4d dda55f8a5313dd7f87e6f856b2f7b338 
",abc
225,Sex on the Beach,8540000,6.931457870689005,9,"4ca90a18e9f0d1242171c3c66074714b dbf4a9adfb1661ac826b3aa014435bc9 c38cf33202b2c51ebc7699c589e08905 1b895b1423260c61b49d8868ac3077cc 
",abc
226,Autodafe,9500,3.9777236052888476,4,"4ca90a18e9f0d1242171c3c66074714b 58e12a94a9477dc279adaafff8604d1c 06fbd6101341fcfb530263a3120e9e6f 
",abc
227,Gagliardo,39000,4.5910646070264995,5,"de7fdb22b5a30a9b4a2a800f6c89f9f0 c3e200cab562ee5bfa3c3ade2a3f5d8c 21ede24ed5a905238688922e8dd9c061 e32c5b7997159e3edf50d51ecb87359e 
",abc
228,Surf City Lifesaver,189,2.2764618041732443,0,"c75125147a0bc2abcfffe540136a823a 251fd9ad8e5c1539a8973b2749044689 d7ad223a94b1cdb31734ad5fb25df4bd 06503126e65c73d30801475c67dd84da 
",abc
229,Grizzly Bear,344000,5.53655844257153,6,"bf19a4b5a2a24fe84d8f7052f75db565 4ddb50d7eb1ace456a572fd33a031c76 c0bae48e76229e908077947a58f97c92 e89b2cbb7d11825a67459af2249064de 
",abc
230,Karsk,15400,4.187520720836463,4,"3c09b8d09553786b799e02306e55c7ba 553d1597ccf97aa4ca915ae7f042cb72 
",abc
231,Happy Skipper,5280,3.722633922533812,3,"ef9505ab1833275812c147a0f0d7d8f9 7d73dc0b6f7aeb20d99293fbdc5d6a6f fc1cebf02dc2ee68655f3e7bf1b84230 583d6a9fe10d672474e2cdca476113b7 
",abc
232,Frappe,1250000,6.096910013008056,7,"3c09b8d09553786b799e02306e55c7ba e89b2cbb7d11825a67459af2249064de f0dc7a91ef793fd0a59d9568168dec4d 
",abc
233,Iced Coffee,3780000,6.577491799837225,8,"3c09b8d09553786b799e02306e55c7ba f0dc7a91ef793fd0a59d9568168dec4d 27634ff8002b12e75d98e07ccd005d18 e89b2cbb7d11825a67459af2249064de 
",abc
234,Iced Coffee Fillip,1200,3.0791812460476247,2,"c0bae48e76229e908077947a58f97c92 3c09b8d09553786b799e02306e55c7ba 
",abc
235,Masala Chai,262000,5.418301291319746,6,"27634ff8002b12e75d98e07ccd005d18 485c264d44820de10d8cfa64441c143e 63e3363dabd9fb306c357d01617c0e57 3d57198addd188382a33964c6e0df6e6 6abb0d46699436b70e3087c8494ac909 fb4c74d473f876067270dc59d7d799e9 8dbe32f19478d31287e460f2f4dcf69c f0dc7a91ef793fd0a59d9568168dec4d e89b2cbb7d11825a67459af2249064de 
",abc
236,Melya,36500,4.562292864456475,5,"8d471cef54bac1226d079347b4d9dd63 8dc0611245a871ac51bbeebb85f33a58 4fa15b70570993ab85a7d936355d639a 
",abc
237,Spiking coffee,636,2.803457115648414,1,"3c09b8d09553786b799e02306e55c7ba fb4c74d473f876067270dc59d7d799e9 
",abc
238,Thai Coffee,50800,4.705863712283919,5,"3c09b8d09553786b799e02306e55c7ba 80766a792c83776a1302211303533d76 3d57198addd188382a33964c6e0df6e6 f0dc7a91ef793fd0a59d9568168dec4d 0f8384548265a6fe80ec572769f67d9c 583d6a9fe10d672474e2cdca476113b7 
",abc
239,Thai Iced Coffee,152000,5.181843587944773,6,"3c09b8d09553786b799e02306e55c7ba f0dc7a91ef793fd0a59d9568168dec4d df772146f2037081819360e9fbdf519b 3d57198addd188382a33964c6e0df6e6 
",abc
240,Thai Iced Tea,152000,5.181843587944773,6,"485c264d44820de10d8cfa64441c143e 27634ff8002b12e75d98e07ccd005d18 04eef3e2693373e4c200e0fafdc37460 583d6a9fe10d672474e2cdca476113b7 ca8a196f97a48b2bb489f3e849a68418 
",abc
241,Absinthe #2,10800000,7.033423755486949,9,"4ca90a18e9f0d1242171c3c66074714b f0dc7a91ef793fd0a59d9568168dec4d c678ec93a5a7ab0dc8b1dc5fc013e942 56e09179e61a2e89f8a019837502ec50 1592647ae5d1d5e694f1d2f606c570df 
",abc
